{"cameraMode":{"drawMode":0,"name":"Shaded","section":"Shading Mode"},"sceneLighting":false,"audioPlay":false,"sceneViewState":{"showFog":true,"showMaterialUpdate":false,"showSkybox":true,"showFlares":true,"showImageEffects":true,"showParticleSystems":true},"in2DMode":false,"pivot":{"x":3.1496760845184328,"y":3.06402587890625,"z":0.15514349937438966},"rotation":{"x":-0.5576496720314026,"y":-0.14222094416618348,"z":0.09768406301736832,"w":-0.8119582533836365},"size":3.3316996097564699,"orthographic":false}