{"cameraMode":{"drawMode":0,"name":"Shaded","section":"Shading Mode"},"sceneLighting":false,"audioPlay":false,"sceneViewState":{"showFog":true,"showMaterialUpdate":false,"showSkybox":true,"showFlares":true,"showImageEffects":true,"showParticleSystems":true},"in2DMode":false,"pivot":{"x":-3.6754488945007326,"y":0.7379239201545715,"z":3.3076369762420656},"rotation":{"x":0.151170015335083,"y":-0.4073626399040222,"z":0.06878320127725601,"w":0.8983502984046936},"size":2.994699001312256,"orthographic":false}