{"cameraMode":{"drawMode":0,"name":"Shaded","section":"Shading Mode"},"sceneLighting":false,"audioPlay":false,"sceneViewState":{"showFog":true,"showMaterialUpdate":false,"showSkybox":true,"showFlares":true,"showImageEffects":true,"showParticleSystems":true},"in2DMode":false,"pivot":{"x":1.2584648132324219,"y":-1.3362102508544922,"z":1.9549400806427003},"rotation":{"x":0.1759629249572754,"y":0.7711621522903442,"z":-0.2413497120141983,"w":0.5622503757476807},"size":11.698097229003907,"orthographic":false}