{"cameraMode":{"drawMode":0,"name":"Shaded","section":"Shading Mode"},"sceneLighting":false,"audioPlay":false,"sceneViewState":{"showFog":true,"showMaterialUpdate":false,"showSkybox":true,"showFlares":true,"showImageEffects":true,"showParticleSystems":true},"in2DMode":false,"pivot":{"x":0.780637264251709,"y":-2.6690993309020998,"z":-0.3999443054199219},"rotation":{"x":0.09144788235425949,"y":-0.907698929309845,"z":0.30970174074172976,"w":0.2680099904537201},"size":11.986139297485352,"orthographic":false}