{"cameraMode":{"drawMode":0,"name":"Shaded","section":"Shading Mode"},"sceneLighting":false,"audioPlay":false,"sceneViewState":{"showFog":true,"showMaterialUpdate":false,"showSkybox":true,"showFlares":true,"showImageEffects":true,"showParticleSystems":true},"in2DMode":false,"pivot":{"x":701.565185546875,"y":142.5272216796875,"z":6.17266845703125},"rotation":{"x":0.18455541133880616,"y":0.08422382920980454,"z":-0.015877099707722665,"w":0.9790965914726257},"size":749.921630859375,"orthographic":false}