{"cameraMode":{"drawMode":0,"name":"Shaded","section":"Shading Mode"},"sceneLighting":false,"audioPlay":false,"sceneViewState":{"showFog":true,"showMaterialUpdate":false,"showSkybox":false,"showFlares":true,"showImageEffects":true,"showParticleSystems":true},"in2DMode":false,"pivot":{"x":1.9584107398986817,"y":1.8669878244400025,"z":-3.5622220039367677},"rotation":{"x":-0.05357227474451065,"y":0.7140765190124512,"z":-0.05494065582752228,"w":-0.6959046125411987},"size":2.136354684829712,"orthographic":false}