{"cameraMode":{"drawMode":0,"name":"Shaded","section":"Shading Mode"},"sceneLighting":false,"audioPlay":false,"sceneViewState":{"showFog":true,"showMaterialUpdate":false,"showSkybox":true,"showFlares":true,"showImageEffects":true,"showParticleSystems":true},"in2DMode":false,"pivot":{"x":6.387701511383057,"y":-7.918997764587402,"z":4.407164573669434},"rotation":{"x":0.3189166486263275,"y":0.40580955147743227,"z":-0.15358835458755494,"w":0.8426475524902344},"size":18.893659591674806,"orthographic":false}