{"cameraMode":{"drawMode":0,"name":"Shaded","section":"Shading Mode"},"sceneLighting":false,"audioPlay":false,"sceneViewState":{"showFog":true,"showMaterialUpdate":false,"showSkybox":true,"showFlares":true,"showImageEffects":true,"showParticleSystems":true},"in2DMode":false,"pivot":{"x":13.915682792663575,"y":-26.253999710083009,"z":31.947589874267579},"rotation":{"x":-0.30937477946281435,"y":-0.11177600920200348,"z":0.03664674237370491,"w":-0.9436402320861816},"size":56.41178512573242,"orthographic":false}