{"cameraMode":{"drawMode":0,"name":"Shaded","section":"Shading Mode"},"sceneLighting":false,"audioPlay":false,"sceneViewState":{"showFog":true,"showMaterialUpdate":false,"showSkybox":true,"showFlares":true,"showImageEffects":true,"showParticleSystems":true},"in2DMode":false,"pivot":{"x":-0.6554028987884522,"y":-8.316549301147461,"z":-12.327164649963379},"rotation":{"x":-0.01800488866865635,"y":0.9595862030982971,"z":-0.2736588716506958,"w":-0.06313460320234299},"size":23.037195205688478,"orthographic":false}