{"cameraMode":{"drawMode":0,"name":"Shaded","section":"Shading Mode"},"sceneLighting":false,"audioPlay":false,"sceneViewState":{"showFog":true,"showMaterialUpdate":false,"showSkybox":true,"showFlares":true,"showImageEffects":true,"showParticleSystems":true},"in2DMode":false,"pivot":{"x":-3.2483437061309816,"y":3.2347335815429689,"z":1.274306297302246},"rotation":{"x":-0.240834578871727,"y":-0.025621425360441209,"z":0.0063647557981312279,"w":-0.9702170491218567},"size":17.3725528717041,"orthographic":false}