{"cameraMode":{"drawMode":0,"name":"Shaded","section":"Shading Mode"},"sceneLighting":false,"audioPlay":false,"sceneViewState":{"showFog":true,"showMaterialUpdate":false,"showSkybox":true,"showFlares":true,"showImageEffects":true,"showParticleSystems":true},"in2DMode":false,"pivot":{"x":0.020905494689941407,"y":-4.595828056335449,"z":6.1542487144470219},"rotation":{"x":0.2857632040977478,"y":0.16456077992916108,"z":-0.049881745129823688,"w":0.942764163017273},"size":15.985334396362305,"orthographic":false}