{"cameraMode":{"drawMode":0,"name":"Shaded","section":"Shading Mode"},"sceneLighting":false,"audioPlay":false,"sceneViewState":{"showFog":true,"showMaterialUpdate":false,"showSkybox":true,"showFlares":true,"showImageEffects":true,"showParticleSystems":true},"in2DMode":false,"pivot":{"x":1.337637186050415,"y":1.6018798351287842,"z":0.16685104370117188},"rotation":{"x":-0.240834578871727,"y":-0.025621425360441209,"z":0.0063647557981312279,"w":-0.9702170491218567},"size":7.5695905685424809,"orthographic":false}