{"cameraMode":{"drawMode":0,"name":"Shaded","section":"Shading Mode"},"sceneLighting":false,"audioPlay":false,"sceneViewState":{"showFog":true,"showMaterialUpdate":false,"showSkybox":true,"showFlares":true,"showImageEffects":true,"showParticleSystems":true},"in2DMode":false,"pivot":{"x":-0.7174606323242188,"y":-4.755428314208984,"z":3.466634750366211},"rotation":{"x":-0.24808280169963838,"y":-0.6849392056465149,"z":0.2698601484298706,"w":-0.6296892762184143},"size":27.335634231567384,"orthographic":false}