{"cameraMode":{"drawMode":0,"name":"Shaded","section":"Shading Mode"},"sceneLighting":false,"audioPlay":false,"sceneViewState":{"showFog":true,"showMaterialUpdate":false,"showSkybox":true,"showFlares":true,"showImageEffects":true,"showParticleSystems":true},"in2DMode":false,"pivot":{"x":537.8490600585938,"y":233.504150390625,"z":318.01104736328127},"rotation":{"x":0.14973308145999909,"y":0.013655412942171097,"z":-0.002065926557406783,"w":0.9886489510536194},"size":964.451171875,"orthographic":false}