{"cameraMode":{"drawMode":0,"name":"Shaded","section":"Shading Mode"},"sceneLighting":false,"audioPlay":false,"sceneViewState":{"showFog":true,"showMaterialUpdate":false,"showSkybox":true,"showFlares":true,"showImageEffects":true,"showParticleSystems":true},"in2DMode":false,"pivot":{"x":567.2882690429688,"y":269.78045654296877,"z":53.441650390625},"rotation":{"x":0.09765040129423142,"y":-0.0101403733715415,"z":0.0009952461114153267,"w":0.9951863884925842},"size":749.921630859375,"orthographic":false}