{"cameraMode":{"drawMode":0,"name":"Shaded","section":"Shading Mode"},"sceneLighting":false,"audioPlay":false,"sceneViewState":{"showFog":true,"showMaterialUpdate":false,"showSkybox":true,"showFlares":true,"showImageEffects":true,"showParticleSystems":true},"in2DMode":false,"pivot":{"x":109.88821411132813,"y":98.62390899658203,"z":7.4507904052734379},"rotation":{"x":0.06633307784795761,"y":-0.41974374651908877,"z":-0.03077704645693302,"w":-0.9046971201896668},"size":169.22752380371095,"orthographic":false}