{"cameraMode":{"drawMode":0,"name":"Shaded","section":"Shading Mode"},"sceneLighting":false,"audioPlay":false,"sceneViewState":{"showFog":true,"showMaterialUpdate":false,"showSkybox":true,"showFlares":true,"showImageEffects":true,"showParticleSystems":true},"in2DMode":false,"pivot":{"x":2.5702309608459474,"y":-3.271205186843872,"z":-4.57562780380249},"rotation":{"x":-0.019148141145706178,"y":-0.9593218564987183,"z":0.2735842168331146,"w":-0.06716080754995346},"size":15.909419059753418,"orthographic":false}