{"cameraMode":{"drawMode":0,"name":"Shaded","section":"Shading Mode"},"sceneLighting":false,"audioPlay":false,"sceneViewState":{"showFog":true,"showMaterialUpdate":false,"showSkybox":true,"showFlares":true,"showImageEffects":true,"showParticleSystems":true},"in2DMode":false,"pivot":{"x":0.6910600662231445,"y":-1.9172334671020508,"z":1.5068204402923585},"rotation":{"x":0.1759629249572754,"y":0.7711621522903442,"z":-0.2413497120141983,"w":0.5622503757476807},"size":11.793334007263184,"orthographic":false}