{"cameraMode":{"drawMode":0,"name":"Shaded","section":"Shading Mode"},"sceneLighting":false,"audioPlay":false,"sceneViewState":{"showFog":true,"showMaterialUpdate":false,"showSkybox":true,"showFlares":true,"showImageEffects":true,"showParticleSystems":true},"in2DMode":false,"pivot":{"x":8.355461120605469,"y":-18.786911010742189,"z":-0.36606675386428835},"rotation":{"x":-0.38115793466567995,"y":-0.6033830642700195,"z":0.39991769194602969,"w":-0.5750929117202759},"size":27.275480270385743,"orthographic":false}