{"cameraMode":{"drawMode":0,"name":"Shaded","section":"Shading Mode"},"sceneLighting":false,"audioPlay":false,"sceneViewState":{"showFog":true,"showMaterialUpdate":false,"showSkybox":true,"showFlares":true,"showImageEffects":true,"showParticleSystems":true},"in2DMode":false,"pivot":{"x":4.961769104003906,"y":-6.837432384490967,"z":18.851478576660158},"rotation":{"x":0.3764191269874573,"y":0.3089697062969208,"z":-0.13477176427841187,"w":0.8629747629165649},"size":19.71156883239746,"orthographic":false}