{"cameraMode":{"drawMode":0,"name":"Shaded","section":"Shading Mode"},"sceneLighting":false,"audioPlay":false,"sceneViewState":{"showFog":true,"showMaterialUpdate":false,"showSkybox":true,"showFlares":true,"showImageEffects":true,"showParticleSystems":true},"in2DMode":false,"pivot":{"x":5.438657283782959,"y":-2.2625856399536135,"z":0.18613576889038087},"rotation":{"x":0.2956240475177765,"y":0.5536759495735169,"z":-0.2190956473350525,"w":0.7470507025718689},"size":9.581995010375977,"orthographic":false}