{"cameraMode":{"drawMode":0,"name":"Shaded","section":"Shading Mode"},"sceneLighting":false,"audioPlay":false,"sceneViewState":{"showFog":true,"showMaterialUpdate":false,"showSkybox":true,"showFlares":true,"showImageEffects":true,"showParticleSystems":true},"in2DMode":false,"pivot":{"x":0.23848247528076173,"y":-3.13623046875,"z":-1.1814374923706055},"rotation":{"x":-0.03246978670358658,"y":-0.9230414628982544,"z":0.3749068081378937,"w":-0.07994484901428223},"size":11.434309959411621,"orthographic":false}