{"cameraMode":{"drawMode":0,"name":"Shaded","section":"Shading Mode"},"sceneLighting":false,"audioPlay":false,"sceneViewState":{"showFog":true,"showMaterialUpdate":false,"showSkybox":true,"showFlares":true,"showImageEffects":true,"showParticleSystems":true},"in2DMode":false,"pivot":{"x":-36.058998107910159,"y":395.10955810546877,"z":-51.27516174316406},"rotation":{"x":0.36642351746559145,"y":0.21105463802814485,"z":-0.08571887016296387,"w":0.9021530747413635},"size":257.0250244140625,"orthographic":false}