{"cameraMode":{"drawMode":0,"name":"Shaded","section":"Shading Mode"},"sceneLighting":false,"audioPlay":false,"sceneViewState":{"showFog":true,"showMaterialUpdate":false,"showSkybox":true,"showFlares":true,"showImageEffects":true,"showParticleSystems":true},"in2DMode":false,"pivot":{"x":3.549036979675293,"y":-1.6933913230895997,"z":-1.183030605316162},"rotation":{"x":-0.11307543516159058,"y":-0.8220853805541992,"z":0.17548730969429017,"w":-0.5297120213508606},"size":8.303136825561524,"orthographic":false}