{"cameraMode":{"drawMode":0,"name":"Shaded","section":"Shading Mode"},"sceneLighting":false,"audioPlay":false,"sceneViewState":{"showFog":true,"showMaterialUpdate":false,"showSkybox":true,"showFlares":true,"showImageEffects":true,"showParticleSystems":true},"in2DMode":false,"pivot":{"x":0.8425884246826172,"y":-7.147832870483398,"z":9.690116882324219},"rotation":{"x":0.3179614543914795,"y":-0.6214847564697266,"z":0.3050715923309326,"w":0.6477804780006409},"size":28.48594856262207,"orthographic":false}