{"cameraMode":{"drawMode":0,"name":"Shaded","section":"Shading Mode"},"sceneLighting":false,"audioPlay":false,"sceneViewState":{"showFog":true,"showMaterialUpdate":false,"showSkybox":true,"showFlares":true,"showImageEffects":true,"showParticleSystems":true},"in2DMode":false,"pivot":{"x":12.86813735961914,"y":-1.6343421936035157,"z":-5.602445602416992},"rotation":{"x":0.010671067982912064,"y":-0.9648676514625549,"z":0.25958052277565,"w":0.03968687728047371},"size":9.581995010375977,"orthographic":false}