{"cameraMode":{"drawMode":0,"name":"Shaded","section":"Shading Mode"},"sceneLighting":false,"audioPlay":false,"sceneViewState":{"showFog":true,"showMaterialUpdate":false,"showSkybox":true,"showFlares":true,"showImageEffects":true,"showParticleSystems":true},"in2DMode":false,"pivot":{"x":2.127000093460083,"y":0.0,"z":0.8930000066757202},"rotation":{"x":0.36642351746559145,"y":0.21105463802814485,"z":-0.08571887016296387,"w":0.9021530747413635},"size":2.0905447006225588,"orthographic":false}