{"cameraMode":{"drawMode":0,"name":"Shaded","section":"Shading Mode"},"sceneLighting":false,"audioPlay":false,"sceneViewState":{"showFog":true,"showMaterialUpdate":false,"showSkybox":true,"showFlares":true,"showImageEffects":true,"showParticleSystems":true},"in2DMode":false,"pivot":{"x":9.6776123046875,"y":-11.331164360046387,"z":10.35677433013916},"rotation":{"x":0.3143732249736786,"y":0.3967824876308441,"z":-0.14677852392196656,"w":0.8498424291610718},"size":28.7054500579834,"orthographic":false}