{"cameraMode":{"drawMode":0,"name":"Shaded","section":"Shading Mode"},"sceneLighting":false,"audioPlay":false,"sceneViewState":{"showFog":true,"showMaterialUpdate":false,"showSkybox":true,"showFlares":true,"showImageEffects":true,"showParticleSystems":true},"in2DMode":false,"pivot":{"x":-0.2852210998535156,"y":-2.6802878379821779,"z":19.81894302368164},"rotation":{"x":0.2944016456604004,"y":-0.36272957921028139,"z":0.12194795906543732,"w":0.8757356405258179},"size":17.040586471557618,"orthographic":false}